{"Thetas": {"apen": 2.302585092994046, "sampen": 2.302585092994046, "renyi_disc": 2.302585092994046, "renyi_cont": {"1.000000e-10": -8333333230.8592, "1.778279e-10": -4686178690.871359, "3.162278e-10": -2635231003.562992, "5.623413e-10": -1481899480.9087305, "1.000000e-09": -833333242.3721254, "1.778279e-09": -468617790.96374846, "3.162278e-09": -263523024.82332155, "5.623413e-09": -148189875.14830297, "1.000000e-08": -83333253.88505083, "1.778279e-08": -46861711.33462035, "3.162278e-08": -26352237.31098741, "5.623413e-08": -14818924.933893094, "1.000000e-07": -8333265.397976313, "1.778279e-07": -4686113.733340456, "3.162278e-07": -2635168.9213869125, "5.623413e-07": -1481840.2740850253, "1.000000e-06": -833276.9109017784, "1.778279e-06": -468564.33484538464, "3.162278e-06": -263472.4440597811, "5.623413e-06": -148142.1697371368, " 1.000000e-05": -83288.42382724331, "1.778279e-05": -46819.75662879595, "3.162278e-05": -26313.157959986434, "5.623413e-05": -14782.72093526645, "1.000000e-04": -8299.936752708298, "1.778279e-04": -4655.660440055562, "3.162278e-04": -2607.590982925434, "5.623413e-04": -1457.1376879978861, "1.000000e-03": -811.449678173269, "1.778279e-03": -449.61245409999526, "3.162278e-03": -247.39591813780808, "5.623413e-03": -134.9409961895031, "1.000000e-02": -72.96260363823934, "1.778279e-02": -39.36928842291189, "3.162278e-02": -21.738044577518675, "5.623413e-02": -13.08295992713797, "1.000000e-01": -9.475529103209558, "1.778279e-01": -8.706604773676755, "3.162278e-01": -9.533890139962944, "5.623413e-01": -11.258789219374666, "1": -13.488454568179787, "1.778279e+00": -16.001969327226448, "3.162278e+00": -18.675107614680574, "5.623413e+00": -21.438005067071543, "10": -24.251380033150017, "1.778279e+01": -27.09313870105462, "3.162278e+01": -29.950862280625547, "5.623413e+01": -32.81755957031444, "100": -35.68930549812024}}, "Estimates": [{"sampname": "iiduniA10N100", "nobs": 100, "values": [{"sample": 0, "renyi_hats": [{"1e-10": -97.86896322886774, "1.778279e-10": -94.99073301553447, "3.162278e-10": -92.11249995906168, "5.623413e-10": -89.23426935411747, "1e-09": -86.3560377638975, "1.778279e-09": -83.47780755056425, "3.162278e-09": -80.59957449409146, "5.623413e-09": -77.72134388914724, "1e-08": -74.84311229892728, "1.778279e-08": -71.96488208559401, "3.162278e-08": -69.08664902912123, "5.623413e-08": -66.20841842417701, "1e-07": -63.33018683395705, "1.778279e-07": -60.45195662062379, "3.162278e-07": -57.573723564151, "5.623413e-07": -54.69549295920678, "1e-06": -51.81726136898683, "1.778279e-06": -48.93903115565356, "3.162278e-06": -46.06079809918077, "5.623413e-06": -43.18256749423655, "1e-05": -40.3043359040166, "1.778279e-05": -37.42610569068348, "3.162278e-05": -34.54787264539546, "5.623413e-05": -31.669648125291925, "0.0001": -28.79162120618966, "0.0001778279": -25.914725643358544, "0.0003162278": -23.039744948320475, "0.0005623413": -20.166625345403823, "0.001": -17.296874314069335, "0.001778279": -14.435930853154261, "0.003162278": -11.60455992820741, "0.005623413": -8.849811526868532, "0.01": -6.269425541327359, "0.01778279": -3.925858465400932, "0.03162278": -1.767269391235997, "0.05623413": 0.2740619326654709, "0.1": 2.417410658864335, "0.1778279": 4.782963840341816, "0.3162278": 7.341505599306449, "0.5623413": 10.030288212675453, "1.0": 12.798985351296828, "1.778279": 15.614682257073662, "3.162278": 18.457455725482117, "5.623413": 21.315653187913703, "10.0": 24.18259003648523, "17.78279": 27.054459506623424, "31.62278": 29.92911272913627, "56.23413": 32.80532932386915, "100.0": 35.68242806045804}], "theta_hats": [{"m": 1, "apen": 1.7986630384889255, "sampen": 2.4292177439274116}, {"m": 2, "apen": 0.4564114254712654, "sampen": 2.3025850929940455}, {"m": 3, "apen": 0.02858338888906991, "sampen": 0.6931471805599453}, {"m": 4, "apen": 0.014440566261665526, "sampen": 0.6931471805599453}]}, {"sample": 1, "renyi_hats": [{"1e-10": -97.86896322886774, "1.778279e-10": -94.99073301553447, "3.162278e-10": -92.11249995906168, "5.623413e-10": -89.23426935411747, "1e-09": -86.3560377638975, "1.778279e-09": -83.47780755056425, "3.162278e-09": -80.59957449409146, "5.623413e-09": -77.72134388914724, "1e-08": -74.84311229892728, "1.778279e-08": -71.96488208559401, "3.162278e-08": -69.08664902912123, "5.623413e-08": -66.20841842417701, "1e-07": -63.33018683395705, "1.778279e-07": -60.45195662062379, "3.162278e-07": -57.573723564151, "5.623413e-07": -54.69549295920678, "1e-06": -51.81726136898683, "1.778279e-06": -48.93903115565356, "3.162278e-06": -46.06079809918077, "5.623413e-06": -43.18256749423665, "1e-05": -40.30433591256163, "1.778279e-05": -37.42611093028608, "3.162278e-05": -34.54806620238891, "5.623413e-05": -31.671115160152848, "0.0001": -28.796070448748203, "0.0001778279": -25.92264096721979, "0.0003162278": -23.050544600031042, "0.0005623413": -20.17932276854596, "0.001": -17.3102862072756, "0.001778279": -14.452697231147932, "0.003162278": -11.630833409916363, "0.005623413": -8.882541072444049, "0.01": -6.291429015389426, "0.01778279": -3.935416873728655, "0.03162278": -1.7692420316384614, "0.05623413": 0.2768640495527342, "0.1": 2.4192305784942363, "0.1778279": 4.783237899534115, "0.3162278": 7.341197610744808, "0.5623413": 10.029922298853363, "1.0": 12.798709811894497, "1.778279": 15.614503628898015, "3.162278": 18.457347494918224, "5.623413": 21.315589812601555, "10.0": 24.182553593968024, "17.78279": 27.054438757583696, "31.62278": 29.92910097987772, "56.23413": 32.805322691037716, "100.0": 35.68242432239489}], "theta_hats": [{"m": 1, "apen": 1.8363909989719347, "sampen": 2.4284653388830484}, {"m": 2, "apen": 0.44573289192505006, "sampen": 2.6149597780361984}, {"m": 3, "apen": 0.014291694444534955, "sampen": 0.40546510810816444}, {"m": 4, "apen": 0.014440566261665526, "sampen": 0.6931471805599453}]}, {"sample": 2, "renyi_hats": [{"1e-10": -97.86896322886774, "1.778279e-10": -94.99073301553447, "3.162278e-10": -92.11249995906168, "5.623413e-10": -89.23426935411747, "1e-09": -86.3560377638975, "1.778279e-09": -83.47780755056425, "3.162278e-09": -80.59957449409146, "5.623413e-09": -77.72134388914724, "1e-08": -74.84311229892728, "1.778279e-08": -71.96488208559401, "3.162278e-08": -69.08664902912123, "5.623413e-08": -66.20841842417701, "1e-07": -63.33018683395705, "1.778279e-07": -60.45195662062379, "3.162278e-07": -57.573723564151, "5.623413e-07": -54.69549295920678, "1e-06": -51.81726136898683, "1.778279e-06": -48.93903115565356, "3.162278e-06": -46.06079809918077, "5.623413e-06": -43.18256749423655, "1e-05": -40.3043359040166, "1.778279e-05": -37.42610569068333, "3.162278e-05": -34.54787263428076, "5.623413e-05": -31.669642381365698, "0.0001": -28.791452846805633, "0.0001778279": -25.91380766208804, "0.0003162278": -23.037848700421385, "0.0005623413": -20.164677272457997, "0.001": -17.298163851254586, "0.001778279": -14.447987529015144, "0.003162278": -11.636958548676029, "0.005623413": -8.902815558603026, "0.01": -6.324521425394467, "0.01778279": -3.961936198058984, "0.03162278": -1.7800833771095448, "0.05623413": 0.27709640654938206, "0.1": 2.423165485883606, "0.1778279": 4.786984657175162, "0.3162278": 7.343838164696022, "0.5623413": 10.031583193702938, "1.0": 12.799700613506413, "1.778279": 15.615078955365219, "3.162278": 18.45767679949443, "5.623413": 21.31577682608428, "10.0": 24.182659339670057, "17.78279": 27.054498406459032, "31.62278": 29.929134581011237, "56.23413": 32.805341604730394, "100.0": 35.68243496415989}], "theta_hats": [{"m": 1, "apen": 1.7827498337100582, "sampen": 2.3240912982150093}, {"m": 2, "apen": 0.46521801952591174, "sampen": 2.03688192726104}, {"m": 3, "apen": 0.07145847222267476, "sampen": 1.791759469228055}, {"m": 4, "apen": 0.014440566261665526, "sampen": "Undefined"}]}, {"sample": 3, "renyi_hats": [{"1e-10": -97.86896322886774, "1.778279e-10": -94.99073301553447, "3.162278e-10": -92.11249995906168, "5.623413e-10": -89.23426935411747, "1e-09": -86.3560377638975,